words,
sauce,0.793975294
stretch,0.727808356
reason,0.716449142
mushroom,0.67678535
price,0.635105193
plancha,0.632270396
weather,0.625653028
college,0.534589946
bit,0.522710741
